Price,Close,High,Low,Open,Volume,Intraday_Range
Date,,,,,,
2023-02-10,148.9927978515625,149.3183915069066,147.22671535677526,147.4635148483787,57450700.0,2.0916761501313488
2023-02-13,151.79490661621094,152.1994184714387,148.90403717735236,148.9336352385894,62199000.0,3.295381294086326
2023-02-14,151.153564453125,151.71595766811416,148.8448255867729,150.08798919443248,61707600.0,2.871132081341244
2023-02-15,153.255126953125,153.4228543120151,150.83785669682248,151.06478017591323,65573800.0,2.5849976151926057
2023-02-16,151.65676879882812,154.24176636818623,151.3015770289575,151.4594283283723,68167900.0,2.9401893392287377
2023-02-17,150.5122528076172,150.95623873407766,148.83496427712012,150.314927401964,59144100.0,2.1212744569575364
2023-02-21,146.49661254882812,149.27895045459564,146.42755543146694,148.19363813923312,58867200.0,2.8513950231287026
2023-02-22,146.92088317871094,147.94698436963745,145.19425945136115,146.88140906273446,51011300.0,2.7527249182763
2023-02-23,147.40431213378906,148.33175804369702,145.27317680704334,148.0850975380816,48394200.0,3.05858123665368
2023-02-24,144.75027465820312,145.22385866894857,143.77349352201168,145.1449254913303,55469600.0,1.450365146936889
2023-02-27,145.94410705566406,147.1774097603546,145.48038403430326,145.73692063205627,44998500.0,1.6970257260513506
2023-02-28,145.44090270996094,147.08859306462728,144.8686485359811,145.08571098317904,50547000.0,2.219944528646181
2023-03-01,143.36895751953125,145.26330849706878,143.0729618860178,144.86865768902635,55479000.0,2.190346611050984
2023-03-02,143.96096801757812,144.7502847940671,141.97780754659183,142.4514066454644,52238100.0,2.7724772474752797
2023-03-03,149.01255798339844,149.0914911594904,145.36198515518814,146.0624926286878,70732300.0,3.729506004302266
2023-03-06,151.77516174316406,154.21216902598104,151.41010897005816,151.7356876269036,87558000.0,2.8020600559228797
2023-03-07,149.574951171875,151.9724842932115,149.1112281718285,151.64689058754286,56182000.0,2.8612561213830077
2023-03-08,150.82797241210938,151.41996369175047,149.80187125635692,150.768776295138,47204800.0,1.6180924353935495
2023-03-09,148.57843017578125,152.47566345847628,148.2232384177023,151.50875841619168,53833600.0,4.252425040773971
2023-03-10,146.516357421875,148.92376664622063,145.63824652167983,148.20352210122027,68572400.0,3.2855201245407955
2023-03-13,148.46002197265625,151.09435428881787,145.72701943515565,145.83555065664373,84457100.0,5.367334853662214
2023-03-14,150.5517120361328,151.35088971565344,148.09498288130473,149.25921331444258,73695900.0,3.255906834348707
2023-03-15,150.94638061523438,151.20290214198522,147.91738213550175,149.17042182051847,77167900.0,3.285520006483466
2023-03-16,153.7681427001953,154.36999484794205,149.61437376985128,150.12743176177318,76161100.0,4.755621078090769
2023-03-17,152.92953491210938,154.64629769155513,152.21915135199143,153.99511025228628,98944600.0,2.4271463395637056
2023-03-20,155.29747009277344,155.7118730486912,152.09088307007352,152.99860710640667,73641400.0,3.620989978617672
2023-03-21,157.15232849121094,157.27072070754767,154.44892413015182,155.21851870122467,73938300.0,2.821796577395844
2023-03-22,155.7217254638672,159.97415053377057,155.7019884063488,157.17209056471103,75701800.0,4.27216212742178
2023-03-23,156.80702209472656,159.39203464017027,155.57371946683134,156.70836691747317,67622100.0,3.818315173338931
2023-03-24,158.10939025878906,158.1981844310787,155.74145533462084,156.73795839634036,59196500.0,2.456729096457849
2023-03-27,156.16574096679688,158.6224856967079,155.76121401338384,157.80357078673757,52390300.0,2.8612716833240768
2023-03-28,155.54409790039062,156.37288858285143,153.8964076451378,155.8598305517969,45992200.0,2.4764809377136316
2023-03-29,158.62246704101562,158.89872564622954,157.2214369560123,157.24115895998125,51305700.0,1.6772886902172388
2023-03-30,160.19119262695312,160.29972384705454,159.11575648092384,159.3722779761809,49501700.0,1.1839673661307017
2023-03-31,162.69728088378906,162.79595111857384,159.74723055627194,160.27014967971024,68749800.0,3.048720562301895
2023-04-03,163.9503173828125,164.06870961825848,162.026368281996,162.07570339841976,56976200.0,2.042341336262467
2023-04-04,163.41751098632812,164.61133931497844,162.90445295696958,164.37455488216787,46278300.0,1.706886358008859
2023-04-05,161.57249450683594,162.84527116493152,159.6386845457234,162.53941454235493,51511700.0,3.2065866192081103
2023-04-06,162.46047973632812,162.75647535534287,159.83600833200663,160.26025717712315,45390100.0,2.9204670233362435
2023-04-10,159.8656463623047,159.8656463623047,157.94169694007527,159.26379397330305,47716900.0,1.9239494222294127
2023-04-11,158.65206909179688,160.1912285181147,158.3659344224378,160.18136751588224,47644200.0,1.8252940956769237
2023-04-12,157.96142578125,159.8952361057982,157.64569304379242,159.0664602524204,50133100.0,2.2495430620057846
2023-04-13,163.34844970703125,163.58524921058068,159.26375236431844,159.4709538117945,68445600.0,4.321496846262249
2023-04-14,163.00314331054688,164.0983166124722,161.63171143290737,162.39141498863978,49386500.0,2.466605179564823
2023-04-17,163.02285766601562,163.18072400329442,161.8388902463497,162.88472838463733,41516200.0,1.341833756944709
2023-04-18,164.24632263183594,165.17376867697192,163.43726882906975,163.8812698478859,49923000.0,1.7364998479021665
2023-04-19,165.39083862304688,165.91375779040226,163.3287449605883,163.5852815705882,47720200.0,2.5850128298139623
2023-04-20,164.4239044189453,165.62760901810955,163.34846811386117,163.87138723669895,52456400.0,2.2791409042483792
2023-04-21,162.81565856933594,164.2265493294176,162.29273954098778,162.8452566233963,58337300.0,1.9338097884298122
2023-04-24,163.12156677246094,163.38796439824753,161.7007995082206,162.79597301982534,41949600.0,1.687164890026935
2023-04-25,161.58238220214844,164.08844653165775,161.54290808705858,162.98341218856248,48714100.0,2.545538444599174
2023-04-26,161.57249450683594,163.07219461797823,160.6253265824028,160.8818480921529,45498800.0,2.44686803557542
2023-04-27,166.160400390625,166.3083906842776,162.98341161052969,162.98341161052969,64902300.0,3.324979073747926
2023-04-28,167.41343688964844,167.58117930762924,165.63749302008387,166.23934534853646,55275900.0,1.9436862875453755
2023-05-01,167.3246307373047,168.17314354860417,166.387323749872,167.0187740939811,52472900.0,1.7858197987321773
2023-05-02,166.28866577148438,168.07450075678005,165.3020235951721,167.81796415576136,48425700.0,2.772477161607952
2023-05-03,165.21322631835938,168.63687581044152,164.92710671677185,167.23584575291258,65136000.0,3.709769093669678
2023-05-04,163.5753936767578,164.8086963510818,162.11516752574818,162.68742177323023,81235400.0,2.6935288253336296
2023-05-05,171.25148010253906,171.97172463520235,168.4790030974248,168.6960655683585,113453200.0,3.4927215377775553
2023-05-08,171.18240356445312,171.5277343198539,169.8109716539451,170.1760244116815,55962800.0,1.7167626659087887
2023-05-09,169.4755096435547,171.22185523763014,169.30778230115573,170.73841026688106,45326900.0,1.9140729364744118
2023-05-10,171.2415771484375,171.70530007668728,169.60374787227713,170.7087971111727,53724500.0,2.1015522044101544
2023-05-11,171.42906188964844,172.25783762602444,169.87016559220018,171.5277321199156,49514700.0,2.387672033824259
2023-05-12,170.5003662109375,171.97248691459123,168.94918806657878,171.53776144545145,45533100.0,3.0232988480124448
2023-05-15,170.00631713867188,171.1326441539854,169.4135070987024,171.08324080469038,37266700.0,1.7191370552829994
2023-05-16,170.00631713867188,171.06347644981523,169.73955111310707,169.92727479495693,42110300.0,1.3239253367081574
2023-05-17,170.61891174316406,170.85602374756016,168.37613188825594,169.65066921503973,57951600.0,2.4798918593042174
2023-05-18,172.95062255859375,173.13834629441766,170.51024414446266,170.9252052614361,65496700.0,2.628102149954998
2023-05-19,173.0592803955078,174.27452457823847,172.84191768629904,174.27452457823847,55809500.0,1.4326068919394288
2023-05-22,172.1107940673828,172.61468722054929,171.3697889134683,171.89343134950482,43570900.0,1.2448983070809732
2023-05-23,169.50244140625,171.300620989034,169.22580071286586,171.05361929309908,50747300.0,2.07482027616814
2023-05-24,169.77911376953125,170.35215962008832,168.4749524111313,169.03810854350246,45143500.0,1.877207208957003
2023-05-25,170.91531372070312,171.814388514026,169.63090177565675,170.3422679275043,56058300.0,2.183486738369254
2023-05-26,173.32601928710938,173.66195304430255,171.03385143516303,171.24133948884744,54835000.0,2.62810160913952
2023-05-30,175.17359924316406,176.84333305757605,174.45235853913644,174.83768056740178,55964400.0,2.390974518439606
2023-05-31,175.12420654296875,177.19902686801004,174.64007778024913,175.20324889662425,99625300.0,2.558949087760908
2023-06-01,177.93014526367188,177.95978426232014,174.8080400825605,175.56880955803746,68901800.0,3.151744179759646
2023-06-02,178.77981567382812,179.59986307293,177.11008187963884,178.8588580217184,61996900.0,2.489781193291151
2023-06-05,177.42626953125,182.73186141970515,175.90473056039738,180.43969339813148,121946500.0,6.827130859307772
2023-06-06,177.06069946289062,177.95977416384898,175.30203354675976,177.81157917901706,64848400.0,2.6577406170892175
2023-06-07,175.68739318847656,179.03673595726826,175.19338974130497,176.2999526387169,61944600.0,3.843346215963294
2023-06-08,178.4044189453125,178.6711699623807,175.33171678380066,175.76642717021195,50214900.0,3.339453178580044
2023-06-09,178.7897186279297,180.04447641965535,178.46367457216073,179.3232356709596,48900000.0,1.5808018474946266
2023-06-12,181.58575439453125,181.68456110008825,178.7995831921066,179.09598823299092,54274900.0,2.884977907981636
2023-06-13,181.1115264892578,181.94144859403625,180.2519653861507,180.6076484418825,54929100.0,1.6894832078855586
2023-06-14,181.74386596679688,182.17859141427,179.8370198890403,181.1708201565631,57462900.0,2.341571525229682
2023-06-15,183.77914428710935,184.28303741690132,181.57589328622848,181.7537423543279,65433200.0,2.7071441306728445
2023-06-16,182.7022247314453,184.7474061455162,182.0600263098281,184.4905147162389,101256200.0,2.6873798356881196
2023-06-20,182.79115295410156,183.86809194337903,182.1983578536973,182.1983578536973,49799100.0,1.6697340896817252
2023-06-21,181.7537384033203,183.1863452547994,180.40015882951445,182.6824521359612,49515700.0,2.7861864252849387
2023-06-22,184.75726318359375,184.8066665365007,181.4671988803744,181.53636658960147,51245300.0,3.3394676561262884
2023-06-23,184.4410858154297,185.31053654650353,182.7911164149862,183.32464848206732,53117000.0,2.519420131517336
2023-06-26,183.0480194091797,185.79467703737228,183.0084906957425,184.5893075659166,48088700.0,2.7861863416297865
2023-06-27,185.8045654296875,186.1306094986342,183.4432296659109,183.66059237854205,50730800.0,2.6873798327232805
2023-06-28,186.98028564453125,187.6224840299043,185.3500804657921,185.67610944091012,51216800.0,2.27240356411221
2023-06-29,187.31622314453125,187.7904773075337,186.67402469467496,186.8123450566035,46347300.0,1.116452612858751
2023-06-30,191.6436767578125,192.14755478947328,188.9661717445866,189.33174450555188,85213200.0,3.1813830448866725
2023-07-03,190.15179443359375,191.55476227365415,189.46017761633829,191.4559555638213,31458200.0,2.0945846573158633
2023-07-05,189.03536987304688,190.6655752957469,188.33387831143204,189.2724969662243,46920300.0,2.3316969843148456
2023-07-06,189.5095672607422,189.71705530606508,186.93086910885413,187.56319280899055,45094300.0,2.7861861972109523
2023-07-07,188.39309692382812,190.3592355443077,187.95838667039857,189.11435261810863,46815000.0,2.4008488739091263
2023-07-10,186.3479766845703,187.7114309918433,184.79679865953796,186.9901751208951,59922200.0,2.914632332305331
2023-07-11,185.82432556152344,187.0296950947768,184.3620796809065,186.8913747422291,46638100.0,2.667615413870294
2023-07-12,187.4940490722656,189.4008949030878,186.2096372553674,187.4051170053163,60750200.0,3.1912576477203913
2023-07-13,188.2547912597656,188.89700466458703,187.50391158996257,188.21527762484376,41342300.0,1.3930930746244599
2023-07-14,188.4030303955078,188.88714410801785,187.35574553686783,187.94854060692288,41616200.0,1.5313985711500209
2023-07-17,191.6634521484375,191.9894962144421,189.5095893997432,189.598506397075,50520200.0,2.4799068146989214
2023-07-18,191.4065704345703,191.9993805984401,190.1122838217696,191.0311380681889,48288200.0,1.8870967766704894
2023-07-19,192.7601318359375,195.85258285437448,190.3395031262878,190.7841182449009,80507300.0,5.513079728086666
2023-07-20,190.8137664794922,194.11370571807572,190.1913173439326,192.7502514500073,59581200.0,3.922388374143111
2023-07-21,189.63804626464844,192.63170595716377,188.93655473427472,191.77214478083425,71951700.0,3.695151222889052
2023-07-24,190.43829345703125,192.57239156999128,189.9442901017601,191.0903815041778,45377800.0,2.6281014682311934
2023-07-25,191.29788208007812,192.10805493602857,190.60628029804008,191.01136672601527,37283200.0,1.5017746379884898
2023-07-26,192.16732788085935,193.2936550607799,191.00148706119936,191.34728040522955,47471900.0,2.292167999580556
2023-07-27,190.90267944335935,194.8349423755621,190.24071668140024,193.66910156142777,47460200.0,4.59422569416185
2023-07-28,193.48138427734375,194.27179277672036,191.8116502798051,192.3352927070371,48291400.0,2.4601424969152674
2023-07-31,194.0939178466797,194.1334465580661,192.91818743340556,193.70859582748605,38824100.0,1.2152591246605482
2023-08-01,193.26400756835935,194.37057034188453,192.93796352063416,193.88645666636083,35175100.0,1.4326068212503742
2023-08-02,190.27037048339844,192.83917937620112,189.54912966810335,192.7008590133255,50389300.0,3.2900497080977686
2023-08-03,188.87728881835935,190.06289415573028,188.40304969856896,189.27250064800953,61235200.0,1.659844457161313
2023-08-04,179.80738830566406,185.1327451053165,179.73822058353596,183.29505159523623,115956800.0,5.394524521780539
2023-08-07,176.7050323486328,180.9337004891865,175.2230220636036,179.9456936325003,97576100.0,5.710678425582898
2023-08-08,177.6436004638672,178.1079648000796,175.45022447284256,177.5349191282476,67823000.0,2.657740327237036
2023-08-09,176.0529327392578,178.76006170176663,174.88707688488682,178.70078370635215,60378500.0,3.872984816879807
2023-08-10,175.8355712890625,178.58222898523437,175.47001359754938,177.3274561288203,54686900.0,3.1122153876849836
2023-08-11,175.89491271972656,176.71606748177,174.66813966002076,175.42993638319382,52036700.0,2.047927821749255
2023-08-14,177.54713439941406,177.7746785921086,175.42004228880285,176.07301094207762,43675600.0,2.354636303305739
2023-08-15,175.55857849121094,177.56693975444728,175.1628480821964,176.97334414092546,43622600.0,2.404091672250871
2023-08-16,174.6879425048828,176.6369303294026,174.61868139075943,175.24197103328896,46964900.0,2.018248938643154
2023-08-17,172.1453399658203,175.6179215615527,171.6308784010705,175.25187020963352,66062900.0,3.9870431604821874
2023-08-18,172.630126953125,173.23362560342792,170.12709527960956,170.46346761685473,61172200.0,3.1065303238183617
2023-08-21,173.96572875976562,174.25264612165492,171.88812158676677,173.20394701107267,46311900.0,2.3645245348881474
2023-08-22,175.3408966064453,175.78609702554508,174.37134667878323,175.17271045239184,42038900.0,1.4147503467618492
2023-08-23,179.189453125,179.61487764306722,176.4291981302873,176.61717535249278,52722800.0,3.1856795127799273
2023-08-24,174.49998474121094,179.16967585239115,174.13391827576947,178.74425133745834,54945800.0,5.035757576621677
2023-08-25,176.70620727539062,177.2404448053197,173.9459523611551,175.4893219988908,51449600.0,3.2944924441646037
2023-08-28,178.2693328857422,178.6650631932981,176.64681447093324,178.17039276078145,43820700.0,2.0182487223648593
2023-08-29,182.1574554443359,182.9291401969668,177.58670497165372,177.78457014737916,53003900.0,5.342435225313096
2023-08-30,185.64984130859375,185.84772159478027,182.77087033679464,182.9687355268348,60813900.0,3.0768512579856235
2023-08-31,185.8674774169922,187.10415359099383,185.48163505454943,185.8377983965077,60794500.0,1.622518536444403
2023-09-01,187.44056701660156,187.8956554579994,186.27313669620688,187.4702460412081,45766500.0,1.62251876179252
2023-09-05,187.677978515625,187.9549927788335,185.61025951662367,186.27311615331163,45280000.0,2.344733262209843
2023-09-06,180.9603729248047,186.8370611072444,179.53571941437733,186.3918455631262,81755800.0,7.301341692867084
2023-09-07,175.66737365722656,176.31045432139675,171.6902188794394,173.31273740579792,112488800.0,4.620235441957334
2023-09-08,176.28077697753906,178.3188321743013,175.89493458078306,176.4489782367689,65551300.0,2.423897593518234
2023-09-11,177.4481964111328,178.37817933531872,175.44972343125323,178.15063513987275,58953100.0,2.928455904065487
2023-09-12,174.4208221435547,178.2100000030001,172.95660168355545,177.57682236385347,90370200.0,5.253398319444642
2023-09-13,172.35308837890625,175.41014819975618,172.12552909799857,174.6285604188278,84267900.0,3.284619101757613
2023-09-14,173.86679077148438,174.22295413122683,171.72981061302968,172.14533201670497,60895800.0,2.4931435181971437
2023-09-15,173.14456176757812,174.61868528190746,171.967258666553,174.59889423512476,109259500.0,2.6514266153544668
2023-09-18,176.07302856445312,177.46800307348116,174.2922116482627,174.59890495957814,67257600.0,3.175791425218449
2023-09-19,177.1613006591797,177.71532920549458,175.24197669791334,175.62781908525017,51826900.0,2.4733525075812395
2023-09-20,173.61947631835938,177.78459392537832,173.53042414564908,177.34928142287384,58436200.0,4.254169779729239
2023-09-21,172.07608032226562,174.42082885900223,172.006834299268,172.68948203416045,63149100.0,2.4139945597342205
2023-09-22,172.9269256591797,175.19252525078977,172.19482290064929,172.80820955696336,56725400.0,2.997702350140486
2023-09-25,174.2031707763672,175.08368369125543,172.29373473406022,172.3432048049037,46172700.0,2.7899489571952074
2023-09-26,170.12709045410156,173.3325457352886,169.83028512536117,172.95660640862047,64588900.0,3.5022606099274185
2023-09-27,168.61338806152344,171.19556880826096,167.24810767663843,170.78004737841366,66921800.0,3.947461131622532
2023-09-28,168.87063598632812,170.19634944676713,165.8333515413796,167.5350194532839,56294400.0,4.362997905387516
2023-09-29,169.38510131835938,171.22527642192762,168.5243642708508,170.18646521737097,51861100.0,2.700912151076807
2023-10-02,171.8979949951172,172.4421355524603,169.10804618991,169.39496352748424,52164500.0,3.334089362550287
2023-10-03,170.56236267089844,171.77926282963776,168.99921735596456,170.4238555507343,49594600.0,2.780045473673198
2023-10-04,171.80897521972656,172.35311583182798,169.14764530465982,169.26636140324675,53020300.0,3.20547052716816
2023-10-05,173.04563903808594,173.57987653919332,170.83939772477277,171.93756684563112,48527900.0,2.7404788144205554
2023-10-06,175.59812927246094,176.09279974358,171.33405713065292,171.947458780219,57266700.0,4.75874261292708
2023-10-09,177.08216857910156,177.14152662960254,173.92616806085798,174.925397135301,42390800.0,3.2153585687445627
2023-10-10,176.48854064941406,177.80436599291428,176.05322819338144,176.20163840129018,43698000.0,1.7511377995328417
2023-10-11,177.8834991455078,177.93296921037802,175.70695215651745,176.30054764652704,47551100.0,2.2260170538605735
2023-10-12,178.78382873535156,180.3964443900188,177.13161588848607,178.1506510638416,56743100.0,3.264828501532719
2023-10-13,176.94366455078125,179.9908219020002,176.24122571645097,179.48626336769357,51427100.0,3.7495961855492226
2023-10-16,176.8150177001953,177.17118104988546,174.6285675347915,174.86601479996662,52517000.0,2.5426135150939615
2023-10-17,175.26177978515625,176.51824728047166,172.9368371257381,174.76710920704838,57549400.0,3.581410154733561
2023-10-18,173.96572875976562,175.68718764266174,173.24351401125745,173.7085055181981,54764400.0,2.4436736314042946
2023-10-19,173.5897674560547,175.94438862084118,173.3226411761323,174.16357191493293,59302900.0,2.6217474447088875
2023-10-20,171.0373077392578,173.55022768989312,170.7998604218469,173.44139955643163,64244000.0,2.750367268046233
2023-10-23,171.156005859375,172.15523490983713,168.1187215150264,169.08828663709707,55980100.0,4.036513394810726
2023-10-24,171.59130859375,171.81885280099095,169.62251453312876,171.20546620053886,43816600.0,2.1963382678621883
2023-10-25,169.2762451171875,171.21534495437086,168.83102960610762,170.04792986204652,57157000.0,2.384315348263243
2023-10-26,165.11109924316406,169.55324523930184,163.90410215906684,168.554001286647,70625300.0,5.649143080235007
2023-10-27,166.42694091796875,167.1590586780216,165.05175755916278,165.13090664912622,58499100.0,2.107301118858828
2023-10-30,168.47488403320312,169.3455090048735,167.07002152646473,167.218431744534,51131000.0,2.2754874784087633
2023-10-31,168.94976806640625,169.07837213199355,166.1103491096919,167.54490564738762,44846000.0,2.968023022301651
2023-11-01,172.11566162109375,172.37288485640974,168.3066925856151,169.1773175299865,56934900.0,4.06619227079463
2023-11-02,175.67730712890625,175.88506030695757,173.58979679508,173.64915484595178,77334800.0,2.295263511877579
2023-11-03,174.76707458496094,174.9352758328065,171.50226149314057,172.38277434389337,79829200.0,3.433014339665931
2023-11-06,177.31959533691406,177.51746053122469,174.3317961816863,174.49998235165765,63841300.0,3.185664349538399
2023-11-07,179.88197326660156,180.4953598060514,177.06234560698942,177.27009874628624,70530000.0,3.4330141990619722
2023-11-08,180.94056701660156,181.4945955371222,179.65442075331012,180.40632954214095,49340300.0,1.840174783812074
2023-11-09,180.4656982421875,182.1574629246798,179.87208759448916,181.00983881988668,53763500.0,2.2853753301906465
2023-11-10,184.6561279296875,184.8245507960472,181.8129830645044,182.2488690611252,66133400.0,3.011567731542783
2023-11-13,183.07107543945312,184.2895637344097,182.48659891185952,184.0815368898242,43627500.0,1.8029648225501944
2023-11-14,185.68637084960935,186.3501007196846,184.55703694714765,185.94393292700153,60108400.0,1.7930637725369536
2023-11-15,186.2510528564453,187.72711849110289,186.0232088712412,186.09256123667055,53790500.0,1.7039096198616903
2023-11-16,187.9351501464844,189.1734556093977,186.88505441646575,187.79646053927945,54412900.0,2.288401192931957
2023-11-17,187.91534423828125,188.5988913131576,186.80582731444397,188.47010270019993,50922700.0,1.7930639987136203
2023-11-20,189.65887451171875,190.1145776039652,188.10357060538217,188.11347160798348,46505100.0,2.0110069985830137
2023-11-21,188.85646057128903,189.7282325393205,187.9648865974642,189.61926104331656,38134500.0,1.7633459418563007
2023-11-22,189.5201873779297,191.12502655036587,189.0446822742513,189.69851123933077,39617700.0,2.080344276114573
2023-11-24,188.19271850585935,189.11401054524023,187.47945332619432,189.08429242242372,24048300.0,1.6345572190459166
2023-11-27,188.01437377929688,188.88614559455416,187.132700962878,188.1431623745596,40552600.0,1.7534446316761603
2023-11-28,188.61868286132812,189.29232889633607,187.62803848681267,188.0044881862593,38415400.0,1.664290409523403
2023-11-29,187.59832763671875,190.29288164913223,187.2020759179661,189.11401237919708,43014200.0,3.090805731166114
2023-11-30,188.1728973388672,188.53944603911236,186.42936866830843,188.06392585220516,48794400.0,2.1100773708039355
2023-12-01,189.45083618164065,189.76783452208105,187.4596313087432,188.54934617033052,45704800.0,2.3082032133378334
2023-12-04,187.6577606201172,188.2719704243489,185.69628894913777,188.2026180609542,43389500.0,2.575681475211127
2023-12-05,191.6104431152344,192.58127042048943,188.40074973234695,188.43048297188668,66628400.0,4.1805206881424795
2023-12-06,190.520751953125,192.9379117653359,190.3127099631217,192.6308143978356,41089700.0,2.6252018022142067
2023-12-07,192.45248413085935,193.17565028147504,191.77883810543793,191.8184723448333,47477700.0,1.3968121760371162
2023-12-08,193.87901306152344,194.15639227120215,191.8580901155405,192.3831304135776,53406400.0,2.298302155661645
2023-12-11,191.3726806640625,191.6797931299085,189.62915193698308,191.30334341541183,60943700.0,2.0506411929254114
2023-12-12,192.88839721679688,192.8982982200226,189.92636472047343,191.2736418449105,52696900.0,2.9719334995491806
2023-12-13,196.10797119140625,196.1475903161728,193.02706651664724,193.26481149731427,70404200.0,3.1205237995255573
2023-12-14,196.2565765380859,197.75244424587424,194.32482284497263,196.16742216364264,66831600.0,3.4276214009016144
2023-12-15,195.7216339111328,196.54385551373443,195.15695931123605,195.68199966761293,128538400.0,1.3868962024983773
2023-12-18,194.0573272705078,194.79040955452615,192.5713606983871,194.25545312358383,55751900.0,2.2190488561390396
2023-12-19,195.09750366210935,195.10740466398735,194.05732405565033,194.32480226669028,40714100.0,1.0500806083370264
2023-12-20,193.0072479248047,195.8305753609382,193.0072479248047,195.05787394759355,52242800.0,2.8233274361335248
2023-12-21,192.8586273193359,195.236182736706,191.68967428738756,194.26535554386368,46482500.0,3.546508449318452
2023-12-22,191.78875732421875,193.58182122700063,191.164646529934,193.3539621368764,37149600.0,2.4171746970666277
2023-12-26,191.2438812255859,192.07601879271365,191.02593827476215,191.79863960367103,28919300.0,1.0500805179514998
2023-12-27,191.3429718017578,191.6897034098951,189.3022466284661,190.6891579449803,48087700.0,2.3874567814289946
2023-12-28,191.7689514160156,192.8388492190412,191.36278357008257,192.32370988068791,34049900.0,1.4760656489586381
2023-12-29,190.7287750244141,192.58127531145587,189.9362564400636,192.0859530857412,42672100.0,2.645018871392267
2024-01-02,183.90325927734375,186.67706712531708,182.169631261865,185.39912715178363,82488700.0,4.507435863452088
2024-01-03,182.52621459960935,184.14096966630487,181.7138790075681,182.4964964795135,58414500.0,2.4270906587367733
2024-01-04,180.2081298828125,181.37708304150152,179.18776734055538,180.44587486910356,71983600.0,2.189315700946139
2024-01-05,179.48495483398438,181.05017488447825,178.48440937769652,180.28738953880892,62379700.0,2.56576550678173
2024-01-08,183.8239898681641,183.86362411289957,179.80197564152536,180.38645226507356,59144500.0,4.0616484713742125
2024-01-09,183.40789794921875,183.41779895114087,181.0204413910758,182.19931060924736,42841800.0,2.3973575600650747
2024-01-10,184.44808959960935,184.6561164657865,182.1993225017619,182.6253074687535,46792900.0,2.456793964024598
2024-01-11,183.8536834716797,185.3000308909078,181.90211286972465,184.7947925921475,49128400.0,3.397918021183159
2024-01-12,184.1806182861328,184.99295400827785,183.45745205458948,184.31930790747035,40477800.0,1.5355019536883674
2024-01-16,181.9120178222656,182.53611345296787,179.23726611684987,180.45576949057303,65603000.0,3.2988473361180013
2024-01-17,180.97091674804688,181.2185778549055,178.613193289656,179.57411959355028,47317400.0,2.6053845652494942
2024-01-18,186.865234375,187.37045751332872,184.09142738261565,184.34898945226777,78005800.0,3.2790301307130676
2024-01-19,189.7678375244141,190.15418823308323,187.0534815615711,187.5587047602819,68903000.0,3.1007066715121425
2024-01-22,192.07603454589844,193.50256484427592,190.4612794003693,190.5009136397872,60133900.0,3.0412854439066166
2024-01-23,193.3539581298828,193.91863266844476,192.01659731903075,193.19546652112328,42355600.0,1.9020353494140068
2024-01-24,192.6803436279297,194.54276001272405,192.52183688964195,193.59173469903223,53631300.0,2.020923123082099
2024-01-25,192.3534393310547,194.43379881211092,191.30335858737243,193.3936190715828,54822100.0,3.130440224738493
2024-01-26,190.6197967529297,192.93790105900956,190.14429166563912,192.4524949693292,44594000.0,2.7936093933704456
2024-01-29,189.93624877929688,190.4018528619721,187.8063693410428,190.2136280052267,47145600.0,2.5954835209292924
2024-01-30,186.28076171875,190.00559424490717,185.71610228505008,189.15363947733223,55859400.0,4.289491959857088
2024-01-31,182.67481994628903,185.349571899096,182.62529981948688,185.2901205380725,55467800.0,2.7242720796091078
2024-02-01,185.11180114746097,185.20095550981347,182.10024901841177,182.26865674153308,64885400.0,3.100706491401695
2024-02-02,184.11126708984375,185.5774165638072,177.57300802816712,178.1773017145222,102551700.0,8.004408535640067
2024-02-05,185.92413330078125,187.47945226083425,184.10135123689923,186.3897373769733,69668800.0,3.3781010239350167
2024-02-06,187.5289764404297,187.53887744205016,185.02264747144727,185.11180183413052,43490800.0,2.516229970602893
2024-02-07,187.6379547119141,189.26261088240537,186.84543618864265,188.85644306077413,53439000.0,2.4171746937627177
2024-02-08,186.5581512451172,187.76672344535,185.59722501634783,187.6181328392653,40962000.0,2.169498429002175
2024-02-09,187.32191467285156,188.45268968737696,186.4787864459619,187.12352087688575,45155200.0,1.9739032414150586
2024-02-12,185.63568115234375,187.1433864030788,185.27859346494137,186.8954092628083,41781900.0,1.864792938137441
2024-02-13,183.5427398681641,184.7032861176272,182.02512109310905,184.26684396147397,56529500.0,2.6781650245181368
2024-02-14,182.6599578857422,184.0287965614488,180.9638026996327,183.82050423664705,54630500.0,3.0649938618160775
2024-02-15,182.3722991943359,182.99720639873473,179.8826142837668,182.06480997798815,65434500.0,3.114592114967934
2024-02-16,180.8348388671875,183.35429496994237,180.2000180232841,181.9358579237584,49752500.0,3.1542769466582854
2024-02-20,180.09092712402344,180.9538827825082,178.54355209419236,180.31906186936408,53665600.0,2.410330688315838
2024-02-21,180.84475708007812,181.41013702999712,179.19818540957374,180.46782702325083,41371400.0,2.2119516204233776
2024-02-22,182.878173828125,183.463411373256,180.98364000764028,181.99537582737872,52292200.0,2.4797713656157327
2024-02-23,181.0431365966797,183.54273502175585,180.7554746671187,183.51297897874215,45119700.0,2.787260354637141
2024-02-26,179.69415283203125,181.28119739799624,179.18826979539264,180.7654158601022,40867400.0,2.092927602603595
2024-02-27,181.15223693847656,182.43179212202116,178.10707086865912,179.63461828889808,54318900.0,4.324721253362043
2024-02-28,179.95204162597656,181.6382830805114,178.67248629654023,181.03321827875988,48953900.0,2.9657967839711716
2024-02-29,179.2874755859375,181.09275646398507,178.07734590919267,179.80327228471162,136682600.0,3.015410554792396
2024-03-01,178.206298828125,179.06925444803085,175.94474848019505,178.09718827908785,73563100.0,3.124505967835802
2024-03-04,173.6831817626953,175.46860492728393,172.38376893378626,174.7246735635979,81510100.0,3.084835993497677
2024-03-05,168.74346923828125,170.6479317427376,168.24751498810025,169.37829007310003,95132400.0,2.400416754637348
2024-03-06,167.75157165527344,169.85442810491517,167.31512946505867,169.67587669286206,68587700.0,2.539298639856497
2024-03-07,167.6325225830078,169.34851990765398,167.12665473872153,167.78130279152694,71765100.0,2.221865168932453
2024-03-08,169.34852600097656,172.29449531822434,167.57301652903823,167.6325286145872,76267000.0,4.721478789186108
2024-03-11,171.35218811035156,172.9690037589795,170.65785520874886,171.54065314121274,60139500.0,2.311148550230655
2024-03-12,171.8282928466797,172.62182261661565,169.62625492438514,171.74893835615396,59825400.0,2.995567692230509
2024-03-13,169.74530029296875,171.78862930722158,169.3782838692582,171.3720295685671,52488700.0,2.4103454379633718
2024-03-14,171.6001739501953,172.8995716896694,170.65786388331372,171.51090581587792,72913500.0,2.241707806355663
2024-03-15,171.22323608398438,171.22323608398438,168.91208752136302,169.78497182252738,121752700.0,2.311148562621355
2024-03-18,172.31434631347656,176.27206668827822,172.11596763998543,174.1493830977455,75604200.0,4.156099048292788
2024-03-19,174.65524291992188,175.18095319129145,171.62991909909198,172.92931675607417,55215200.0,3.5510340921994725
2024-03-20,177.2243194580078,177.2243194580078,173.67328461909122,174.29819192169327,53423100.0,3.5510348389165927
2024-03-21,169.98336791992188,176.05385870042272,169.45765758517675,175.61741650508932,106181300.0,6.596201115245975
2024-03-22,170.88601684570312,171.64979072547655,168.6839784855534,170.3702201223851,71160100.0,2.965812239923139
2024-03-25,169.4675750732422,170.54875171721093,168.078894077347,169.1898419011277,54288300.0,2.469857639863932
2024-03-26,168.33680725097656,170.0329624014482,168.20785429573576,168.6244540719099,57388400.0,1.8251081057124452
2024-03-27,171.9076690673828,172.19533102381604,168.73356472173438,169.03114031499092,60273300.0,3.4617663020816565
2024-03-28,170.09246826171875,170.8363996494882,169.13031578937776,170.36028779920613,65672700.0,1.7060838601104251
2024-04-01,168.65420532226562,169.86433493378763,168.1086526063626,169.80482284392966,46240500.0,1.7556823274250348
2024-04-02,167.47381591796875,167.96977013364764,166.86875116942764,167.71187939021036,49329500.0,1.1010189642200032
2024-04-03,168.2772674560547,169.29893197888933,167.21593325359058,167.4242255584593,47691700.0,2.0829987252987507
2024-04-04,167.45399475097656,170.5289019190824,167.45399475097656,168.9120862737285,53704400.0,3.074907168105824
2024-04-05,168.2078399658203,169.01128340394683,167.58293278713433,168.217753601793,42104800.0,1.4283506168125086
2024-04-08,167.0869903564453,167.83092176064616,166.87869803905005,167.6622991252661,37425500.0,0.9522237215961127
2024-04-09,168.29708862304688,168.70377468070268,166.98777746600817,167.33493630874918,42373800.0,1.7159972146945108
2024-04-10,166.4224090576172,167.72180678766216,165.75783217031642,167.43415997850798,49709300.0,1.963974617345741
2024-04-11,173.6236572265625,174.040272115757,166.7993370367697,166.97787330186227,91070300.0,7.240935078987292
2024-04-12,175.12144470214844,176.91679662448954,172.80038249764078,172.8499658132502,101670900.0,4.116414126848753
2024-04-15,171.2926788330078,175.20080068867838,171.10421379905583,173.94107267383276,73531800.0,4.096586889622557
2024-04-16,168.0094451904297,172.35399357547163,166.9084262901455,170.3602631929335,73711200.0,5.4455672853261206
2024-04-17,166.640625,169.26917642354965,166.640625,168.2375982616629,50901200.0,2.628551423549652
2024-04-18,165.6884002685547,167.27546002889196,165.20237475763562,166.67039519798726,43122900.0,2.073085271256332
2024-04-19,163.66490173339844,165.05356757276493,162.7523477339115,164.86511767231858,68149400.0,2.3012198388534273
2024-04-22,164.49807739257812,165.90658543557495,163.43674332676036,164.18067459044096,48116400.0,2.469842108814589
2024-04-23,165.5495147705078,165.69831011966792,163.58554027123327,164.01206877643943,49537800.0,2.1127698484346524
2024-04-24,167.65237426757812,167.93010742906517,164.86511388137603,165.19243035823263,48251800.0,3.0649935476891415
2024-04-25,168.5153350830078,169.2295104164757,166.78940883790665,168.15824741627387,50558300.0,2.440101578569056
2024-04-26,167.9300994873047,169.95358601606148,167.81106018420974,168.50540819041237,44838400.0,2.142525831851742
2024-04-29,172.0961151123047,174.60564226594082,171.69935778865286,171.96716217122307,68169400.0,2.9062844772879544
2024-04-30,168.95176696777344,173.5740639461448,168.62443536523762,171.92749229774822,65934800.0,4.949628580907188
2024-05-01,167.9300994873047,171.31251085120192,167.74163446478235,168.20783263565716,50383100.0,3.5708763864195703
2024-05-02,171.6299285888672,172.0167723030629,169.50724497899176,171.11413192483198,94214900.0,2.5095273240711435
2024-05-03,181.89617919921875,185.48688300008857,181.1820038934194,185.13970898312533,163224100.0,4.304879106669176
2024-05-06,180.2397003173828,182.70954279745968,178.9601298757301,180.87452115240256,78569700.0,3.749412921729572
2024-05-07,180.92410278320312,183.40387401178495,179.8528549315395,181.965609726272,77305800.0,3.551019080245453
2024-05-08,181.26133728027344,181.5886688519262,179.981767033329,181.3704478041577,45057100.0,1.6069018185972084
2024-05-09,183.0765686035156,183.1658367406673,180.63646690744056,181.0828227285221,48983000.0,2.529369833226724
2024-05-10,181.8151092529297,183.84134031553504,180.9013175850214,183.65261967053823,50759500.0,2.940022730513647
2024-05-13,185.02333068847656,185.8378061410755,183.37452561798457,184.18900107058352,72044800.0,2.46328052309093
2024-05-14,186.1655731201172,187.029714327999,185.0332642686859,186.24503525163803,52393600.0,1.9964500593130765
2024-05-15,188.44012451171875,189.36384333151435,186.1059718662387,186.6423374407049,70400000.0,3.257871465275656
2024-05-16,188.559326171875,189.81083584823088,188.3805477357399,189.18508101005293,52845200.0,1.4302881124909845
2024-05-17,188.589111328125,189.5227724100756,187.90376371878455,188.23153932133224,41282900.0,1.619008691291043
2024-05-20,189.7512054443359,190.62527366658756,187.73490137733788,188.052749878466,44361300.0,2.890372289249683
2024-05-21,191.05238342285156,191.42980957851577,189.6320225414164,189.8008738766071,42309400.0,1.7977870370993685
2024-05-22,189.61215209960935,191.5192128106237,188.9864124860383,190.9729201671483,34648500.0,2.5328003245854234
2024-05-23,185.6193084716797,189.71151001586625,185.3709949768945,189.69164069264465,51005900.0,4.340515038971745
2024-05-24,188.6983642578125,189.2943226367172,186.771449342652,187.54620129756856,36327000.0,2.5228732940651923
2024-05-28,188.70831298828125,191.69800175645932,187.82431762786635,190.21804799663707,52280100.0,3.87368412859297
2024-05-29,189.0062713623047,190.95305560689752,188.2315345598267,188.33086600869876,53068000.0,2.7215210470708087
2024-05-30,189.99951171875,190.88350698979508,189.343975732697,189.4730884200293,49889100.0,1.5395312570980764
2024-05-31,190.9530487060547,191.2708972062775,188.62883838261533,190.1485155291603,75158300.0,2.6420588236621825
2024-06-03,192.72103881835935,193.67456916074488,191.22123099586668,191.5986571441052,50080500.0,2.453338164878204
2024-06-04,193.0388946533203,194.0023521144802,191.72779227719917,193.32693160548868,47471400.0,2.274559837281032
2024-06-05,194.5486297607422,195.5716800296083,193.55537589536917,194.08179923154876,54156800.0,2.0163041342391352
2024-06-06,193.16802978515625,195.1744070683784,192.86012347629529,194.36987376952155,41181800.0,2.3142835920831146
2024-06-07,195.5617523193359,195.6114180436154,192.83030419832767,193.33685821193552,53103900.0,2.7811138452877344
2024-06-10,191.81719970703125,195.96900913658257,190.85374215435905,195.57169845948172,97010200.0,5.115266982223517
2024-06-11,205.7525177001953,205.7624599378956,192.32373729563463,192.34359145933493,172373300.0,13.438722642260984
2024-06-12,211.6326141357422,218.7145040828182,205.50422428227435,205.97105482418652,198134300.0,13.210279800543844
2024-06-13,212.7946929931641,215.28775449802723,210.17250364841863,213.2913198778193,97862700.0,5.1152508496086
2024-06-14,211.0565185546875,213.71843162956225,209.874544034183,212.40734441299963,70122700.0,3.8438875953792433
2024-06-17,215.2083282470703,217.4729460060793,211.28497823555003,211.93058723086708,93728300.0,6.187967770529269
2024-06-18,212.84437561035156,217.15510913678148,211.56308472355843,216.1221165738588,79943300.0,5.592024413223044
2024-06-20,208.2654571533203,212.79470737847507,207.4410698062104,212.48678595825905,86172500.0,5.35363757226466
2024-06-21,206.09027099609375,210.46058238700795,205.71282963889428,208.9707014370345,241805100.0,4.747752748113669
2024-06-24,206.73587036132812,211.2651058128792,205.19632375372012,206.3187055335118,80727000.0,6.068782059159076
2024-06-25,207.6595916748047,209.9540056652509,207.20268823087267,207.73903864641352,55549700.0,2.7513174343782225
2024-06-26,211.81138610839844,213.41052543273105,209.2189929218928,210.07319184959564,66213200.0,4.191532510838243
2024-06-27,212.65565490722656,214.28459061162127,210.91746067332392,213.2416710401095,49772700.0,3.367129938297353
2024-06-28,209.1991271972656,214.6123729638464,208.8812938369491,214.31439376890185,82542700.0,5.731079126897299
2024-07-01,215.2877960205078,216.04266357466884,210.49037757076027,210.65922892540735,60402900.0,5.552286003908563
2024-07-02,218.78402709960935,218.89328562800327,213.6489065767971,214.6918109818244,58046200.0,5.244379051206181
2024-07-03,220.05538940429688,220.05538940429688,217.55238550522975,218.5158429342717,37369800.0,2.5030038990671244
2024-07-05,224.81309509277344,224.9223536333555,220.15473164881905,220.15473164881905,60412400.0,4.767621984536447
2024-07-08,226.2831115722656,226.31290797690275,221.7439339584199,225.55802531049065,59085900.0,4.568974018482862
2024-07-09,227.1372985839844,227.85244261706796,224.84288445944628,226.39235814584333,48076100.0,3.009558157621683
2024-07-10,231.4082946777344,231.50762613234983,227.70346178953025,227.7531275168379,62627700.0,3.8041643428195755
2024-07-11,226.0347900390625,230.82226580227743,224.2469300453064,229.82901193417425,64710600.0,6.575335756971015
2024-07-12,228.9847412109375,231.07058040656065,227.13728840093884,227.37567478656337,53046500.0,3.9332920056218086
2024-07-15,232.81871032714844,235.62962070976812,231.5175501306247,234.88468027763452,62631300.0,4.1120705791434204
2024-07-16,233.2358856201172,234.67610072880163,230.76267797901863,233.4146640454283,43234300.0,3.9134227497829954
2024-07-17,227.33595275878903,229.8985495862513,225.11105861290636,227.902099588984,57345900.0,4.787490973344944
2024-07-18,222.6676483154297,228.88542732552744,220.7705449165008,228.7265030667722,66034600.0,8.114882409026649
2024-07-19,222.7967834472656,225.2699911539264,221.7737331263721,223.30335264411235,49151500.0,3.496258027554319
2024-07-22,222.44915771484375,226.24337986146955,221.58501648633228,225.47857008869343,48201800.0,4.65836337513727
2024-07-23,223.49203491210935,225.40902265142745,221.17775171010015,222.85635307829335,39960300.0,4.2312709413272955
2024-07-24,217.06570434570312,223.2834835656707,215.66522784122515,222.48887740092556,61777600.0,7.618255724445561
2024-07-25,216.0227813720703,219.36011485373604,213.17213256832727,217.45305415919788,51391200.0,6.187982285408765
2024-07-26,216.4896240234375,218.0093012590926,214.55276681781487,217.22462220056255,41601300.0,3.4565344412777392
2024-07-29,216.76773071289065,217.82057739339885,214.2945231128628,215.49636696784097,36311800.0,3.5260542805360444
2024-07-30,217.32394409179688,218.84362126060284,214.66201590891492,217.71131248471113,41643800.0,4.181605351687921
2024-07-31,220.58181762695312,222.31008478832948,219.14160257039833,219.94613576688096,50036300.0,3.1684822179311425
2024-08-01,216.8869171142578,222.96562598955987,215.5559605569344,222.85636745689297,62501000.0,7.409665432625474
2024-08-02,218.3767852783203,224.07806765618477,216.24129562954897,217.6715683981697,105568600.0,7.836772026635799
2024-08-05,207.85826110839844,212.0597211288106,194.67777677399005,197.74692788266515,119548600.0,17.381944354820547
2024-08-06,205.8319854736328,208.5733757245506,199.7135534430835,203.91501287026543,69660500.0,8.859822281467103
2024-08-07,208.404541015625,212.198763040644,204.9976722503432,205.5042262843129,63516400.0,7.20109079030081
2024-08-08,211.8710021972656,212.75499762550604,207.42122864939225,211.67235443417223,47161100.0,5.333768976113788
2024-08-09,214.78121948242188,215.317569896599,210.54002126961797,210.66914912089348,42201600.0,4.77754862698103
2024-08-12,216.31260681152344,218.28152162650585,214.393415209592,214.86078610016068,38028100.0,3.8881064169138426
2024-08-13,220.0316619873047,220.648187288632,217.7843004144017,217.7843004144017,44155300.0,2.8638868742302748
2024-08-14,220.4791717529297,221.7818380668704,218.4704721927748,219.33561365974072,41960600.0,3.3113658740956
2024-08-15,223.46237182617188,224.08885093177264,221.51333414952188,223.3430482530648,46414000.0,2.5755167822507588
2024-08-16,224.7849273681641,225.56056092969672,222.39834972442236,222.6668429336895,44340200.0,3.1622112052743603
2024-08-19,224.62582397460935,224.72527040192085,221.791767703572,224.4567771868955,40687800.0,2.9335026983488603
2024-08-20,225.24232482910156,225.89863476179528,224.18825957723195,224.50647597128693,30299000.0,1.7103751845633326
2024-08-21,225.13294982910156,226.70410920432383,223.7905141872767,225.25228856886343,34765500.0,2.913595017047129
2024-08-22,223.27342224121097,227.06209724349452,222.64694316501192,226.51517227009805,43695300.0,4.415154078482601
2024-08-23,225.57049560546875,226.9427773475752,223.07454817990703,224.39710671028325,38677300.0,3.8682291676681757
2024-08-26,225.90858459472656,226.00803101617393,222.6370036872603,225.490936936756,30602200.0,3.371027328913641
2024-08-27,226.7538299560547,227.569248113113,223.63140355832627,224.73519205544585,35934600.0,3.9378445547867216
2024-08-28,225.22247314453125,228.57360836626123,224.41699349604747,226.64446298605537,38052200.0,4.156614870213758
2024-08-29,228.5039825439453,231.61647047641185,227.59908685526068,228.81226038667728,51906300.0,4.017383621151168
2024-08-30,227.71841430664065,229.11057321557684,226.2069166530855,228.90175696593343,52990800.0,2.903656562491335
2024-09-03,221.5233154296875,227.71844620227264,219.9322634479987,227.27096757410897,50190600.0,7.786182754273938
2024-09-04,219.6140289306641,220.53881694406624,216.2628786668988,220.41949337418052,43840200.0,4.275938277167427
2024-09-05,221.13546752929688,224.2181094473344,220.28027986462445,220.38966486266608,36615400.0,3.937829582709952
2024-09-06,219.5842132568359,223.97947540850993,218.5400864277892,222.69668624975697,48423000.0,5.439388980720736
2024-09-09,219.67369079589844,220.03167667908036,215.49719894103853,219.58419811845144,67180000.0,4.534477738041829
2024-09-10,218.878173828125,220.2405018848782,215.517084853391,217.69483113354613,51591000.0,4.723417031487202
2024-09-11,221.4138946533203,221.8414808899648,216.670585544778,220.22061344649163,44587100.0,5.170895345186807
2024-09-12,221.5233154296875,222.29894909807683,218.58982756350775,221.25482218343083,37455600.0,3.7091215345690784
2024-09-13,221.2548065185547,222.78618142445663,220.66811202153605,222.3287642541488,36766600.0,2.1180694029205824
2024-09-16,215.10939025878903,216.00434741371936,212.72281255665072,215.32814508742544,59357400.0,3.2815348570686353
2024-09-17,215.5767364501953,215.6861214463737,213.2995590231644,214.54256344637628,45519300.0,2.3865624232093126
2024-09-18,219.45492553710935,221.46362499015893,216.322545198334,216.33249894497217,59894900.0,5.141079791824922
2024-09-19,227.58914184570312,228.53383738270648,223.37288038958053,223.7308662842885,66781300.0,5.16095699312595
2024-09-20,226.9228973388672,231.7855303113645,226.34614143297367,228.6829959505254,318679900.0,5.439388878390844
2024-09-23,225.20257568359375,228.16589404695569,224.54626569168985,226.06770192621624,54146000.0,3.6196283552658315
2024-09-24,226.09754943847656,228.06647955891447,224.466728085426,227.3703848763016,43556100.0,3.5997514734884533
2024-09-25,225.1031188964844,226.01796830972677,222.76627973963284,223.6711754067507,42308700.0,3.2516885700939326
2024-09-26,226.2467041015625,227.22121534991768,224.14851196557495,226.02793410267137,36636700.0,3.0727033843427307
2024-09-27,226.51516723632812,228.2354962210898,226.02791923090672,227.1814309358191,34026000.0,2.207576990183071
2024-09-30,231.696044921875,231.696044921875,228.36478670449856,228.75260351180964,54541900.0,3.331258217376444
2024-10-01,224.94403076171875,228.36476618305375,222.4878528116685,228.2355040411627,63285000.0,5.876913371385257
2024-10-02,225.5108337402344,226.09752818761768,221.771881889721,224.62581519597003,32880600.0,4.3256462978966965
2024-10-03,224.40704345703125,225.5406628776434,222.0702042586661,223.88001079844628,34044200.0,3.4704586189772897
2024-10-04,225.53073120117188,226.72401244250625,222.87567550784985,226.6245660168141,37245100.0,3.848336934656402
2024-10-07,220.44932556152344,224.4269397639463,220.09133967636964,223.24359711098245,39505400.0,4.335600087576665
2024-10-08,224.50650024414065,224.71531649859696,222.00059897690352,223.0447257693685,31855700.0,2.7147175216934443
2024-10-09,228.25538635253903,228.46421777631028,223.57175408478048,223.9695094391901,33591100.0,4.892463691529798
2024-10-10,227.7581787109375,228.21561101279016,225.89864895817115,226.50523572074,28183500.0,2.3169620546190117
2024-10-11,226.27655029296875,228.1261416619367,226.06771885321956,228.01675665509575,31759200.0,2.058422808717154
2024-10-14,230.00555419921875,230.43314046117197,227.32066753158787,227.4200987868959,39882100.0,3.1124729295841007
2024-10-15,232.54129028320312,236.1609188169062,231.06956201546168,232.3026279543652,64751400.0,5.091356801444505
2024-10-16,230.4828338623047,230.8209273987295,228.55368871280945,230.30384852186543,34082200.0,2.267238685920063
2024-10-17,230.8507843017578,232.5412825211578,229.22991678936268,232.12361966628396,32993800.0,3.311365731795121
2024-10-18,233.6848297119141,234.8582185948981,232.7003647541102,234.8582185948981,46431500.0,2.1578538407878796
2024-10-21,235.1565399169922,235.5244795369179,233.13790198735873,233.13790198735873,36254500.0,2.3865775495591777
2024-10-22,234.5400390625,234.89802497361623,231.29828871484364,232.5810627118631,38846600.0,3.5997362587725945
2024-10-23,229.4685516357422,233.8240439244486,226.48534106504323,232.76997861721128,52287000.0,7.338702859405373
2024-10-24,229.27963256835935,229.52823345451665,227.131717270346,228.6929229452488,31109500.0,2.3965161841706504
2024-10-25,230.1149444580078,231.91481257552053,228.2852454458818,228.4542922398222,38802300.0,3.6295671296387297
2024-10-28,232.09378051757812,233.41633904858512,231.2485466113364,232.0142415868445,36087100.0,2.167792437248721
2024-10-29,232.36227416992188,233.01858415019296,231.0198384903425,231.79547204033784,35417200.0,1.9987456598504707
2024-10-30,228.812255859375,232.1633908639167,228.26533088908343,231.30820323038637,47070900.0,3.8980599748332736
2024-10-31,224.6457061767578,228.5437662121666,224.10871977089283,228.05650301771783,64370100.0,4.435046441273755
2024-11-01,221.66249084472656,224.0888378455061,219.03726617591775,219.7333456007168,65276700.0,5.0515716695883555
2024-11-04,220.7675323486328,221.5431659237015,218.48041626355015,219.7532516264011,44944500.0,3.062749660151354
2024-11-05,222.1994781494141,222.6966799421733,219.90240829460964,220.55871830266648,28111300.0,2.7942716475636473
2024-11-06,221.4735565185547,224.80481443000403,219.95212032394844,221.36417152277417,54561100.0,4.852694106055594
2024-11-07,226.20692443847656,226.6046949785728,223.31322152292373,223.37288331058951,42137700.0,3.291473455649083
2024-11-08,225.93814086914065,227.63048374280507,225.39061415381417,226.1471868576639,38328800.0,2.2398695889908993
2024-11-11,223.22042846679688,224.68381119249955,220.50272420052977,223.98696589218596,42005600.0,4.181086991969778
2024-11-12,223.22042846679688,224.5743058460154,222.354350392842,223.53899499841924,40398300.0,2.219955453173384
2024-11-13,224.1063995361328,225.62950954483912,221.75702475308145,223.00139666804327,48566200.0,3.872484791757671
2024-11-14,227.1924743652344,227.83954176018096,223.9869707245471,224.0068849307252,44923900.0,3.852571035633872
2024-11-15,223.98696899414065,225.89832264008,223.2602599701844,225.3806596140688,47923700.0,2.6380626698956178
2024-11-18,226.99337768554688,228.70563485331775,224.15620331601912,224.2358449505769,44633700.0,4.549431537298631
2024-11-19,227.2521820068359,229.12372228231885,225.63948081886545,225.9580321395358,36211800.0,3.484241463453401
2024-11-20,227.96896362304688,228.89476915350485,224.872965299864,227.03319339435467,35169600.0,4.021803853640847
2024-11-21,227.4911193847656,229.1237348668511,224.69377351516383,227.8494991340082,42108300.0,4.429961351687268
2024-11-22,228.83502197265625,229.68120098473537,227.0331737980822,227.0331737980822,38168300.0,2.6480271866531666
2024-11-25,231.8215179443359,232.19981188776785,228.70562083004268,230.41787789282503,90152800.0,3.4941910577251747
2024-11-26,234.00167846679688,234.50939199708804,232.2794717613211,232.2794717613211,45986200.0,2.22992023576694
2024-11-27,233.8722381591797,234.6288260383393,232.75728573526553,233.41431778082384,33498400.0,1.8715403030737718
2024-11-29,236.2614593505859,236.73929396987336,232.91658663539664,233.75280101667175,28481400.0,3.8227073344767177
2024-12-02,238.51126098632812,239.70585504150455,236.0922091638524,236.20171450499868,48137100.0,3.6136458776521465
2024-12-03,241.5574951171875,241.6670004646685,237.82437898500297,238.73028547870095,38861000.0,3.8426214796655245
2024-12-04,241.91587829589844,243.01093178619985,240.16380790150487,241.7765092325954,44383900.0,2.8471238846949802
2024-12-05,241.94573974609375,243.43898620611924,241.03984843814553,242.8914746561807,40033900.0,2.3991377679737127
2024-12-06,241.74664306640625,243.5285923470879,240.9900703290189,241.81633519239523,36870600.0,2.538522018069017
2024-12-09,245.63902282714844,246.1268220997756,240.66153502923257,240.74117665680967,44649200.0,5.465287070543042
2024-12-10,246.65443420410156,247.0924555600448,244.23536723926503,245.7783914922151,36914800.0,2.8570883207797806
2024-12-11,245.38021850585935,249.6708108995408,245.15124311202536,246.84360125039836,45205800.0,4.519567787515456
2024-12-12,246.8435821533203,247.62006903646127,244.57383373711528,245.77839247075497,32777500.0,3.0462352993459945
2024-12-13,247.01283264160156,248.16759835190285,245.13134272203925,246.70423080565516,33155300.0,3.0362556298636036
2024-12-16,249.90969848632812,250.24817919808956,246.53496239648825,246.8734431082497,51694800.0,3.7132168016013054
2024-12-17,252.33872985839844,252.68716009783537,248.655391740455,248.95404406138837,51356400.0,4.031768357380372
2024-12-18,246.9331817626953,253.13512753347695,246.62457993830327,251.02467749046983,56774100.0,6.510547595173676
2024-12-19,248.6653289794922,250.86538527206417,245.9774886038804,246.38564624934875,60882300.0,4.887896668183771
2024-12-20,253.34417724609375,253.8518755287198,244.58379575845777,246.92320588947405,147495300.0,9.268079770262034
2024-12-23,254.12066650390625,254.49894524760987,252.30885365268375,253.62291772369176,40858800.0,2.190091594926116
2024-12-24,257.0375061035156,257.04744042152294,254.14058909817473,254.3397007808045,23234700.0,2.9068513233482065
2024-12-26,257.853759765625,258.9289141129315,256.47003399402934,257.0275101814573,27237100.0,2.4588801189021865
2024-12-27,254.439208984375,257.5352220874343,251.9206014592013,256.6691137206059,42355300.0,5.614620628233013
2024-12-30,251.0644989013672,252.3586488565982,249.62103037787767,251.0943626150189,35557500.0,2.7376184787205204
2024-12-31,249.29251098632812,252.1396347735265,248.30696287880588,251.30342042234355,39480700.0,3.832671894720619
2025-01-02,242.75210571289065,247.9784683255357,240.73124671787497,247.80922035937212,55740700.0,7.24722160766072
2025-01-03,242.26431274414065,243.080612931882,240.80092995907523,242.26431274414065,40244100.0,2.279682972806768
2025-01-06,243.89691162109375,246.2164228483008,242.10501290586,243.2100158477468,45045600.0,4.111409942440787
2025-01-07,241.11947631835935,244.44443460073455,240.263347789176,241.8859985205852,40856000.0,4.181086811558544
2025-01-08,241.60726928710935,242.6127316047624,238.9692066706783,240.83078235887348,37628900.0,3.6435249340840983
2025-01-10,235.78363037109375,239.07872524452853,231.95095824677452,238.9293914792433,61710900.0,7.127766997754009
2025-01-13,233.3446502685547,233.61343889555545,228.68572841435088,232.47857214721685,49630700.0,4.927710481204571
2025-01-14,232.22967529296875,235.0568847872792,231.4233246799516,233.69305795736565,39435300.0,3.6335601073275825
2025-01-15,236.79901123046875,237.88411516800545,233.3744970274307,233.5835582088168,39832000.0,4.509618140574759
2025-01-16,227.23228454589844,236.9383864807084,227.0033243432251,236.28136958651152,71759100.0,9.9350621374833
2025-01-17,228.9445343017578,231.24413133243607,227.4512878984511,231.07489856287185,68488300.0,3.792843433984956
2025-01-21,221.6375732421875,223.40955766052627,218.39225670760808,222.9914505136237,98070400.0,5.017300952918191
2025-01-22,222.82223510742188,223.1109227348787,218.80041619812283,218.80041619812283,64126500.0,4.310506536755867
2025-01-23,222.6529998779297,226.00782197454976,221.29912251598503,223.72813912330528,60234800.0,4.708699458564723
2025-01-24,221.7769470214844,224.614121166801,220.4131202139208,223.7679421578224,54697900.0,4.201000952880207
2025-01-27,228.82508850097656,231.10477141655377,222.9715575076631,223.01138591977585,94863400.0,8.133213908890667
2025-01-28,237.187255859375,239.1085741517517,229.77080167884077,229.81063008981928,75707600.0,9.337772472910927
2025-01-29,238.2823028564453,238.78005164957875,232.9563846938824,233.0658900359753,45486100.0,5.823666955696353
2025-01-30,236.5202789306641,239.7058683175974,236.14200015946125,237.59541819689565,55658300.0,3.5638681581361595
2025-01-31,234.93743896484375,246.07705979363328,232.3889674810629,246.07705979363328,100959800.0,13.688092312570376
2025-02-03,226.98341369628903,230.78622201033428,224.68381655532255,228.9545099800506,73063300.0,6.102405455011734
2025-02-04,231.7518615722656,232.08037762753463,225.62954176239768,226.226846442903,45067300.0,6.450835865136952
2025-02-05,231.42332458496097,231.62242106375825,227.24223776986636,227.50106167329417,39620300.0,4.380183293891889
2025-02-06,232.16995239257812,232.74734282564023,229.39250557129796,230.24863411824003,29925300.0,3.3548372543422715
2025-02-07,226.60513305664065,232.946448173879,226.236788599926,231.55275755143825,39707200.0,6.70965957395299
2025-02-10,226.8741912841797,229.8041745661949,226.42572786906877,228.7876615470872,33115600.0,3.3784466971261224
2025-02-11,231.82725524902344,234.42836130351915,227.35256634016287,227.4223198813819,53718400.0,7.075794963356287
2025-02-12,236.06277465820312,236.15247950770552,229.89386689621963,230.41209906543347,45243300.0,6.258612611485887
2025-02-13,240.70689392089844,241.514131106333,234.7672133917818,236.10264318513748,53614100.0,6.746917714551188
2025-02-14,243.7664337158203,244.71319316935816,240.1687356269457,240.4278440984732,40896200.0,4.544457542412459
2025-02-18,243.6368865966797,244.34445851454996,241.01584434943877,243.31796980618805,48822500.0,3.3286141651111905
2025-02-19,244.03550720214844,245.17162160901916,242.33134319523683,243.8262313730556,32204200.0,2.840278413782329
2025-02-20,244.9922637939453,245.93902334816417,243.45750328110228,244.10529733899224,32316900.0,2.4815200670618935
2025-02-21,244.71319580078125,247.84249441981407,244.38431857946645,245.11182656230832,53197400.0,3.4581758403476215
2025-02-24,246.25791931152344,248.0119159709633,243.5870445183064,244.0953010258401,51326400.0,4.424871452656873
2025-02-25,246.1981201171875,249.14803959700345,244.0753891604379,247.15485528022737,48013300.0,5.072650436565539
2025-02-26,239.5408935546875,244.14514449402503,238.3150894487839,243.49736566903923,44433600.0,5.830055045241124
2025-02-27,236.49131774902344,241.6337368385667,236.25213016109495,238.5941277716784,41153600.0,5.381606677471751
2025-02-28,241.01583862304688,241.2649866571528,229.41550676334808,236.1425036842072,56833400.0,11.849479893804727
2025-03-03,237.21881103515625,243.1983635012748,235.3053560708129,240.96599177281345,47184000.0,7.893007430461893
2025-03-04,235.1259765625,239.25188262538288,233.88023638606123,236.89992456399492,53798100.0,5.371646239321649
2025-03-05,234.93663024902344,235.7438674276595,228.44880585950324,234.6177134735288,47227600.0,7.295061568156257
2025-03-06,234.5280303955078,237.04940729600816,232.3654272740836,233.64106399817908,45170400.0,4.683980021924555
2025-03-07,238.2552947998047,240.54744460053885,233.95996981993864,234.30878315837532,46273600.0,6.587474780600218
2025-03-10,226.70477294921875,235.35520052510583,223.45588808739055,234.73730306532093,72071200.0,11.899312437715281
2025-03-11,220.08740234375,225.0703629938446,216.7089556312574,223.04728218644937,76137400.0,8.361407362587215
2025-03-12,216.2405548095703,220.99430349899413,214.177617020402,219.3897895710681,62547500.0,6.816686478592118
2025-03-13,208.9654235839844,216.10102664759697,207.70972301630272,215.2140602896052,61368300.0,8.39130363129425
2025-03-14,212.762451171875,213.22087501834247,208.86577244295887,210.53007941159925,60107600.0,4.355102575383597
2025-03-17,213.27072143554688,214.48656508270392,209.25445626243933,212.58307041465437,48073400.0,5.232108820264585
2025-03-18,211.96519470214844,214.4168029665515,210.769287119016,213.43018643369248,42432400.0,3.6475158475354874
2025-03-19,214.50648498535156,218.0144781615262,213.0215573102422,213.48995680484757,54385400.0,4.992920851283998
2025-03-20,213.37039184570312,216.7488387280272,211.49679368091097,213.2607660976187,48862900.0,5.2520450471162405
2025-03-21,217.52618408203125,218.0942337293625,210.55999911901452,210.8390437188948,94127800.0,7.534234610347966
2025-03-24,219.977783203125,220.7252273230714,217.8351161419945,220.2468673442068,44299500.0,2.890111181076918
2025-03-25,222.9875030517578,223.33631640181736,219.3300115304276,220.01766257627696,34493600.0,4.0063048713897444
2025-03-26,220.77505493164065,224.25316696482244,219.71866969932233,222.7483031053444,34466100.0,4.534497265500107
2025-03-27,223.087158203125,224.22327264250703,219.80836152348044,220.6355348303588,37094800.0,4.414911119026584
2025-03-28,217.1574249267578,223.04728822423488,216.93817343567548,220.91458161653455,39818600.0,6.1091147885593955
2025-03-31,221.37301635742188,224.8511131847691,215.49311362240712,216.27045427307317,65299300.0,9.357999562361982
2025-04-01,222.42941284179688,222.9177332815032,218.15402384007052,219.06092638065368,36412700.0,4.763709441432667
2025-04-02,223.1270294189453,224.4226023340601,220.2668146407477,220.5657953452804,35905900.0,4.155787693312391
2025-04-03,202.49754333496097,206.78289223919597,200.5641523032743,204.8395255545537,103419000.0,6.218739935921661
2025-04-04,187.738037109375,199.19884701911505,186.70157274086588,193.2292544699453,125910900.0,12.497274278249165
2025-04-07,180.84161376953125,193.48835506739644,174.02491207450518,176.59612158290105,160466300.0,19.46344299289126
2025-04-08,171.8323974609375,189.691324966831,168.63334553301246,186.06373055480245,120859500.0,21.05797943381853
2025-04-09,198.17234802246097,199.926344669284,171.30421792842867,171.3640110222038,184395900.0,28.62212674085532
2025-04-10,189.7710723876953,194.11621470149436,182.37636057603893,188.42568213047016,121880000.0,11.739854125455423
2025-04-11,197.47471618652344,198.85997858079665,185.42592149027783,185.46579368960585,87435900.0,13.43405709051882
2025-04-14,201.8298492431641,212.2143377637297,200.47448329230923,210.7194495182335,101352900.0,11.739854471420472
2025-04-15,201.4511260986328,202.81645240683693,199.11910423874315,201.1720815277121,51343900.0,3.6973481680937823
2025-04-16,193.6079559326172,200.01603598224625,191.71442177543543,197.68401406478424,59732400.0,8.301614206810825
2025-04-17,196.3087158203125,198.15241736523097,193.75744237056688,196.5279673080365,52164700.0,4.394974994664096
2025-04-21,192.50173950195312,193.13955785695288,189.1631497833642,192.61136524453693,46742500.0,3.9764080735886864
2025-04-22,199.059326171875,200.9030125684292,195.3021694205859,195.45165216386687,52976400.0,5.600843147843307
2025-04-23,203.9027557373047,207.29116289420588,202.10888686320857,205.29797863560773,52929200.0,5.182276030997315
2025-04-24,207.6598968505859,208.11833592046503,202.248408894664,204.1917605029567,47311000.0,5.869927025801019
2025-04-25,208.5668029785156,209.0352025034097,205.49729734578435,205.66671618569228,38222300.0,3.537905157625346
2025-04-28,209.4238739013672,210.7792398343419,206.7530142372406,209.2843516085664,38743100.0,4.026225597101302
2025-04-29,210.490234375,211.51672307140856,207.6599011161091,207.978817902887,36827600.0,3.8568219552994663
2025-04-30,211.7758331298828,212.8521544830753,205.96569903614,208.5867412723437,52286500.0,6.886455446935315
2025-05-01,212.59304809570312,213.82881264887993,208.18809734114112,208.3674918385056,57365700.0,5.640715307738816
2025-05-02,204.65020751953125,206.28461806468735,201.4710760745947,205.38767599056175,101010600.0,4.813541990092659
2025-05-05,198.21221923828125,203.4044712176219,197.5345438511527,202.40787903175757,69018500.0,5.869927366469199
2025-05-06,197.83351135253903,199.96621804369693,196.34859871285207,197.53454585917265,51216500.0,3.6176193308448603
2025-05-07,195.58120727539065,198.7603386318323,192.591430858442,198.49125449640593,68536700.0,6.168907773390288
2025-05-08,196.8169860839844,199.3682595147921,194.0165494128041,197.04619801698016,50478900.0,5.3517101019880045
2025-05-09,197.8534393310547,199.85658408831688,196.86680762308345,198.32183886048443,36453900.0,2.989776465233433
2025-05-12,210.34713745117188,210.826139966164,206.31563192374185,210.52676720097676,63775800.0,4.5105080424221455
2025-05-13,212.48263549804688,212.95164926547025,208.5608995756232,209.98788789546765,51909300.0,4.390749689847041
2025-05-14,211.88389587402344,213.49051386836737,210.13757262915965,211.98367663769176,49325800.0,3.3529412392077234
2025-05-15,211.00575256347656,212.51258988469863,209.0997617101353,210.506803034962,45029500.0,3.412828174563316
2025-05-16,210.8161468505859,212.12340739052024,209.3292870180407,211.9138418912236,54737900.0,2.79412037247954
2025-05-19,208.3413543701172,209.0398806327114,203.83084657536088,207.47318710280223,46140500.0,5.209034057350522
2025-05-20,206.42539978027344,208.03201787298204,204.5992426766309,207.23369558110693,42496600.0,3.4327751963511446
2025-05-21,201.6654052734375,206.60500227852873,200.28831500749223,204.73893602091724,59211800.0,6.3166872710365
2025-05-22,200.9369354248047,202.32401437172413,199.28041949489233,200.2883071907537,46742400.0,3.043594876831804
2025-05-23,194.85975646972656,197.28464391104225,193.05356158182016,193.26311186041875,78432900.0,4.23108232922209
2025-05-27,199.78936767578125,200.31825293342968,197.01519441683536,197.88337691051132,56288500.0,3.3030585165943194
2025-05-28,199.99891662597656,202.30406088976383,199.48000488022652,200.16855762950956,45339700.0,2.8240560095373155
2025-05-29,199.5299072265625,203.38179807643976,198.09293019267844,203.15228556391767,51396800.0,5.288867883761327
2025-05-30,200.4280242919922,201.53569281345096,196.3665679710664,198.95112277889336,70819900.0,5.169124842384576
2025-06-02,201.27622985839844,201.70533435611304,199.69954757512772,199.85921507319503,35423300.0,2.005786780985318
2025-06-03,202.84292602539065,203.34187550579085,200.53778186221837,200.92696184786135,46381600.0,2.804093643572486
2025-06-04,202.39389038085935,205.80670326672896,201.67540185470463,202.48369763994597,43604000.0,4.131301412024328
2025-06-05,200.20849609375,204.3198354061699,199.7294935749724,203.07246156364135,55126100.0,4.590341831197492
2025-06-06,203.49156188964844,205.26782088834017,201.62549563553227,202.5734966384944,46607700.0,3.6423252528078933
2025-06-09,201.0267639160156,205.56720771427428,199.59977555964565,203.96058960802063,72862600.0,5.967432154628625
2025-06-10,202.2441864013672,203.92066462184744,200.14860765917956,200.1785434107301,54672600.0,3.7720569626678753
2025-06-11,198.36236572265625,204.07034932786257,197.9931479582843,203.0724503091444,60989900.0,6.077201369578262
2025-06-12,198.7814788818359,199.26046614106752,196.94534836583952,198.66173587371063,43904600.0,2.3151177752280034
2025-06-13,196.03726196289065,199.9490243445518,195.2888376882346,199.3103695725812,51447300.0,4.660186656317194
2025-06-16,198.0031280517578,198.27256505925683,196.1470352061455,196.8854859861783,43020700.0,2.1255298531113453
2025-06-17,195.2289581298828,197.97318035709665,194.79986887227625,196.78567812068,38856200.0,3.1733114848204025
2025-06-18,196.16697692871097,197.15490236836845,194.66015499959357,195.52832221137376,45394700.0,2.494747368774881
2025-06-20,200.57769775390625,201.27622400422055,196.4463965286413,197.8235020126397,96813500.0,4.829827475579265
2025-06-23,201.07666015625,201.87498244787415,198.54200324907936,201.20639190632417,55814300.0,3.3329791987947885
2025-06-24,199.87918090820312,203.0125832870988,199.77938491343545,202.16436301176623,54064000.0,3.233198373663356
2025-06-25,201.13653564453125,203.2421033073339,200.19850807531137,201.0267661369261,39525700.0,3.0435952320225397
2025-06-26,200.57769775390625,202.2142514946699,199.04094000321476,201.00678701240992,50799100.0,3.173311491455138
2025-06-27,200.65753173828125,202.7930349784745,199.57979899649257,201.4658274879402,73188600.0,3.2132359819819385
2025-06-30,204.7389373779297,206.95427439094752,198.84135059390303,201.58557286233471,91912800.0,8.112923797044488
2025-07-01,207.3833770751953,209.74839282792448,205.70689884063935,206.23578409144605,78788900.0,4.041493987285122
2025-07-02,211.99366760253903,212.8917706186518,207.7026988246806,208.47108532398713,67941800.0,5.189071793971209
2025-07-03,213.10134887695312,214.19902871499423,211.3649990181489,211.70428104663077,34955800.0,2.8340296968453345
2025-07-07,209.50889587402344,215.77570049162512,208.36131809352125,212.23315593085263,50229000.0,7.414382398103868
2025-07-08,209.5687713623047,210.98578616820197,208.01205130024096,209.658593847986,42848900.0,2.9737348679610136
2025-07-09,210.69639587402344,210.8859991217609,206.7846335910969,209.0897778625777,48749400.0,4.101365530663998
2025-07-10,211.96372985839844,213.03147386855417,209.58872537016995,210.06771262581316,44443600.0,3.442748498384219
2025-07-11,210.7163543701172,211.68431760849728,209.41908263784933,210.12759762046792,39765800.0,2.2652349706479527
2025-07-14,208.1816864013672,210.46688365912564,207.10395364435493,209.48893166698292,38840100.0,3.3629300147707113
2025-07-15,208.6706695556641,211.44482767792792,208.48106630115817,208.7804390594974,42296300.0,2.963761376769753
2025-07-16,209.71847534179688,211.95375954691573,208.2016644692293,209.8581806046168,47490500.0,3.7520950776864197
2025-07-17,209.57875061035156,211.3550095983717,209.14964612579556,210.12759810142072,48068100.0,2.2053634725761526
2025-07-18,210.73631286621097,211.34503189230253,209.25942654413325,210.42696659875529,48974600.0,2.085605348169281
2025-07-21,212.0335693359375,215.3266389893317,211.18536434566,211.65437808070223,51377400.0,4.141274643671721
2025-07-22,213.94955444335935,214.49840197701596,211.7841152894156,212.69220709721728,46404100.0,2.7142866876003495
2025-07-23,213.7000732421875,214.69797228179937,211.9637386583707,214.54829351654996,46989300.0,2.734233623428679
2025-07-24,213.31088256835935,215.2368355364858,213.08137006420023,213.45058781785585,46022600.0,2.1554654722855844
2025-07-25,213.43064880371097,214.7877920897316,212.95164630742312,214.24891808809048,40268800.0,1.8361457823084777
2025-07-28,213.6002960205078,214.39861831079745,212.61237047326716,213.5803337758995,37858000.0,1.7862478375302828
2025-07-29,210.8261260986328,214.3586818606333,210.37707459375497,213.73000061776605,51411700.0,3.981607266878342
2025-07-30,208.6107940673828,211.94377315400357,207.28358653790625,211.454797150492,45512500.0,4.66018661609732
2025-07-31,207.1339111328125,209.39913099136336,206.72476887181696,208.0519764228089,80698400.0,2.6743621195464016
2025-08-01,201.9548187255859,213.1312852679161,201.07666267114303,210.4269720875647,104434500.0,12.054622596773072
2025-08-04,202.9227752685547,207.44325668811337,201.25627047720937,204.0803265791815,75109300.0,6.186986210903996
2025-08-05,202.49366760253903,204.90858140720596,201.73526982787092,202.97265486934364,44155100.0,3.173311579335035
2025-08-06,212.80197143554688,214.9275012748427,205.15806109322384,205.19798558201,108483100.0,9.769440181618876
2025-08-07,219.56771850585935,220.38600300495352,216.12496995802368,218.42014073215765,90224800.0,4.261033046929839
2025-08-08,228.86814880371097,230.5146761138317,218.78936250198095,220.36604479784603,113854000.0,11.725313611850765
2025-08-11,226.95997619628903,229.33767612130436,224.54232171734583,227.6992650180531,61806100.0,4.795354403958527
2025-08-12,229.42758178710935,230.57647717809445,226.8500938879156,227.78917070894937,55626200.0,3.726383290178859
2025-08-13,233.10403442382812,234.77241529044048,230.2068337695816,230.8462285986664,69878500.0,4.565581520858871
2025-08-14,232.5545654296875,234.89229562265464,230.6264418350812,233.83332460758467,51916300.0,4.265853787573434
2025-08-15,231.36570739746097,234.0531046408583,229.11788646444975,233.77337703316005,56038700.0,4.93521817640854
2025-08-18,230.66639709472656,232.8942332130852,229.88715369469057,231.4756102221476,37476200.0,3.007079518394619
2025-08-19,230.3367156982422,232.64447617946885,229.1278960385577,231.05601964615855,39402600.0,3.5165801409111452
2025-08-20,225.7911071777344,230.2467944412184,225.55134937034353,229.75726351111015,42263900.0,4.695445070874882
2025-08-21,224.68218994140625,226.30063142153253,223.56327948127884,226.05087353353895,30621200.0,2.7373519402536886
2025-08-22,227.53941345214844,228.8681272027074,225.1916985271248,225.95095699429655,42477800.0,3.6764286755825992
2025-08-25,226.94000244140625,229.0779292721956,226.01089520624416,226.26065308481304,30983100.0,3.0670340659514466
2025-08-26,229.08792114257812,229.26775474756235,224.4724002828088,226.65028173376103,54575100.0,4.795354464753558
2025-08-27,230.26678466796875,230.676376013076,228.03893336267103,228.38860049855515,31259500.0,2.637442650404978
2025-08-28,232.33477783203125,233.18396075811216,229.11789497993007,230.59647266873003,38074700.0,4.066065778182093
2025-08-29,231.91517639160156,233.15398096397084,231.145917853049,232.284813175836,39418400.0,2.0080631109218245
2025-09-02,229.49752807617188,230.62643860177437,226.75019132336067,229.02798202980685,44075600.0,3.8762472784137003
2025-09-03,238.2390594482422,238.6186963224971,234.133039090421,236.9802851593088,66427800.0,4.4856572320761074
2025-09-04,239.5477752685547,239.66765417218173,236.51072617258424,238.21906152531412,47549400.0,3.1569279995974853
2025-09-05,239.45787048339844,241.0862967595893,238.25903569310344,239.76756781945676,54870400.0,2.827261066485846
2025-09-08,237.64962768554688,239.91741830634817,236.11111057683257,239.06825064349684,48999500.0,3.806307729515595
2025-09-09,234.123046875,238.5487492683241,233.13400016518185,236.77047435136635,66313900.0,5.414749103142242
2025-09-10,226.5703582763672,232.19491077497392,225.73117543382176,231.9651377870414,83440800.0,6.463735341152159
2025-09-11,229.8072204589844,230.22681187017153,226.43048902665416,226.6602772530751,50208600.0,3.7963228435173733
2025-09-12,233.84332275390625,234.28288383192944,228.7982103662064,228.9980136278554,55824200.0,5.484673465723034
2025-09-15,236.47076416015625,237.95932665324483,234.80238330570737,236.77047667310177,42699500.0,3.1569433475374638
2025-09-16,237.9193572998047,240.98639147239973,236.09114297984144,236.9502954777413,63421100.0,4.895248492558295
2025-09-17,238.7585601806641,239.86748583209587,237.4997706474641,238.73857528095925,46508000.0,2.367715184631777
2025-09-18,237.64962768554688,240.9664044724694,236.4208079152849,239.737599946219,44249600.0,4.545596557184496
2025-09-19,245.26223754882812,246.0614658116388,239.9773675285625,240.99636870073516,163741300.0,6.084098283076315
2025-09-22,255.8319854736328,256.3914711896616,247.8797028858207,248.05953649140056,105517400.0,8.51176830384091
2025-09-23,254.18359375,257.0907792625319,253.33442606621003,255.63220171436936,60275200.0,3.756353196321868
2025-09-24,252.06564331054688,255.4923293909784,250.79686899703333,254.9728287261993,42303700.0,4.695460393945069
2025-09-25,256.6212158203125,256.9209435623003,251.466224879955,252.96477212582877,55202100.0,5.454718682345288
2025-09-26,255.2126007080078,257.3505275669758,253.5342198150173,253.8539172209246,46076300.0,3.8163077519585045
2025-09-29,254.18359375,254.75304905914027,252.76497075706976,254.31347273152576,40127700.0,1.9880783020705053
2025-09-30,254.38340759277344,255.67215158054225,252.8648753735947,254.61318058017173,37704300.0,2.8072762069475345
2025-10-01,255.20260620117188,258.53938316103813,254.6831055272507,254.7929996074261,48713900.0,3.8562776337874425
2025-10-02,256.8809814453125,257.9299523535748,253.9038565188199,256.33149581258533,42630200.0,4.026095834754869
2025-10-03,257.7701110839844,258.9889308017334,253.70406057825727,254.4233645180439,49155600.0,5.284870223476105
2025-10-06,256.44140625,258.819106172963,254.80299514816292,257.7401350456914,44664100.0,4.016111024800097
2025-10-07,256.23162841796875,257.15072039039774,255.18262697514496,256.56129542181253,31955800.0,1.9680934152527811
2025-10-08,257.8100891113281,258.2696351050741,255.8619653198879,256.2715719294531,36496900.0,2.4076697851861866
2025-10-09,253.79396057128903,257.75013209688524,252.8948383011137,257.5603136690899,38322000.0,4.85529379577153
2025-10-10,245.032470703125,256.13171175032437,243.76369637579657,254.69310389004832,61999100.0,12.3680153745278
2025-10-13,247.4201507568359,249.44818352992385,245.32217845998096,249.13848619669537,38142900.0,4.126005069942892
2025-10-14,247.5300445556641,248.60900042906025,244.46301046499008,246.36117950382103,35478000.0,4.145989964070168
2025-10-15,249.09852600097656,251.5761352503302,247.2303418581919,249.24838988167792,33893600.0,4.34579339213829
2025-10-16,247.2103576660156,248.79881419551728,244.8926123625184,248.00958596667436,39777000.0,3.9062018329988746
2025-10-17,252.045654296875,253.13461023404025,247.03052706557392,247.77980070207627,49147000.0,6.104083168466332
2025-10-20,261.98602294921875,264.1239650925819,255.3824390623343,255.64218177653177,90483000.0,8.741526030247599
2025-10-21,262.5155029296875,265.03308188579996,261.5764108568555,261.6263807259345,46695900.0,3.45667102894447
2025-10-22,258.19970703125,262.5954395959732,255.18261234613632,262.3956210979312,45015300.0,7.412827249836852
2025-10-23,259.3285827636719,260.36758405794774,257.76012648314656,259.68824995662277,32754900.0,2.607457574801174
2025-10-24,262.56549072265625,263.87421967110856,258.9290010880386,260.93706434715574,38253700.0,4.945218583069959
2025-10-27,268.5496520996094,268.8593494221352,264.3936774471076,264.6234656652487,44888200.0,4.46567197502759
2025-10-28,268.7394714355469,269.6286240979669,267.8902885694659,268.7294713644567,41534800.0,1.7383355285010111
2025-10-29,269.4388122558594,271.1471476128123,266.85129379808274,269.01920560410514,51086700.0,4.295853814729583
2025-10-30,271.13714599609375,273.87451306817263,268.2199910571769,271.72657092903916,69886500.0,5.65452201099572
2025-10-31,270.108154296875,277.05143573891627,268.89933466249033,276.721738255342,86167100.0,8.152101076425936
2025-11-03,268.7894287109375,270.5877038096653,265.9921525413924,270.15812755648943,50194600.0,4.595551268272914
2025-11-04,269.7784729003906,271.22705027239556,267.36080327265466,268.0701070960229,49274800.0,3.866246999740895
2025-11-05,269.8783874511719,271.43687417180433,266.67147434431234,268.3498399683747,43683100.0,4.76539982749199
2025-11-06,269.50872802734375,273.1352174017799,267.6305743388968,267.6305743388968,51204000.0,5.504643062883133
2025-11-07,268.2099914550781,272.02629915101613,266.51162568814635,269.5386899523433,48227400.0,5.51467346286978
2025-11-10,269.42999267578125,273.7300109863281,267.4599914550781,268.9599914550781,41312400.0,6.27001953125
2025-11-11,275.25,275.9100036621094,269.79998779296875,269.80999755859375,46208300.0,6.110015869140625
2025-11-12,273.4700012207031,275.7300109863281,271.70001220703125,275.0,48398000.0,4.029998779296875
2025-11-13,272.95001220703125,276.70001220703125,272.0899963378906,274.1099853515625,49602800.0,4.610015869140625
2025-11-14,272.4100036621094,275.9599914550781,269.6000061035156,271.04998779296875,47431300.0,6.3599853515625
2025-11-17,267.4599914550781,270.489990234375,265.7300109863281,268.82000732421875,45018300.0,4.759979248046875
2025-11-18,267.44000244140625,270.7099914550781,265.32000732421875,269.989990234375,45677300.0,5.389984130859375
2025-11-19,268.55999755859375,272.2099914550781,265.5,265.5299987792969,40424500.0,6.709991455078125
2025-11-20,266.25,275.42999267578125,265.9200134277344,270.8299865722656,45823600.0,9.509979248046875
2025-11-21,271.489990234375,273.3299865722656,265.6700134277344,265.95001220703125,59030800.0,7.65997314453125
2025-11-24,275.9200134277344,277.0,270.8999938964844,270.8999938964844,65585800.0,6.100006103515625
2025-11-25,276.9700012207031,280.3800048828125,275.25,275.2699890136719,46914200.0,5.1300048828125
2025-11-26,277.54998779296875,279.5299987792969,276.6300048828125,276.9599914550781,33431400.0,2.899993896484375
2025-11-28,278.8500061035156,279.0,275.989990234375,277.260009765625,20135600.0,3.010009765625
2025-12-01,283.1000061035156,283.4200134277344,276.1400146484375,278.010009765625,46587700.0,7.279998779296875
2025-12-02,286.19000244140625,287.3999938964844,282.6300048828125,283.0,53669500.0,4.769989013671875
2025-12-03,284.1499938964844,288.6199951171875,283.29998779296875,286.20001220703125,43538700.0,5.32000732421875
2025-12-04,280.70001220703125,284.7300109863281,278.5899963378906,284.1000061035156,43989100.0,6.1400146484375
2025-12-05,278.7799987792969,281.1400146484375,278.04998779296875,280.5400085449219,47265800.0,3.09002685546875
2025-12-08,277.8900146484375,279.6700134277344,276.1499938964844,278.1300048828125,38211800.0,3.52001953125
2025-12-09,277.17999267578125,280.0299987792969,276.9200134277344,278.1600036621094,32193300.0,3.1099853515625
2025-12-10,278.7799987792969,279.75,276.44000244140625,277.75,33038300.0,3.30999755859375
2025-12-11,278.0299987792969,279.5899963378906,273.80999755859375,279.1000061035156,33248000.0,5.779998779296875
2025-12-12,278.2799987792969,279.2200012207031,276.82000732421875,277.8999938964844,39532900.0,2.399993896484375
2025-12-15,274.1099853515625,280.1499938964844,272.8399963378906,280.1499938964844,50409100.0,7.30999755859375
2025-12-16,274.6099853515625,275.5,271.7900085449219,272.82000732421875,37648600.0,3.709991455078125
2025-12-17,271.8399963378906,276.1600036621094,271.6400146484375,275.010009765625,50138700.0,4.519989013671875
2025-12-18,272.19000244140625,273.6300048828125,266.95001220703125,273.6099853515625,51630700.0,6.67999267578125
2025-12-19,273.6700134277344,274.6000061035156,269.8999938964844,272.1499938964844,144632000.0,4.70001220703125
2025-12-22,270.9700012207031,273.8800048828125,270.510009765625,272.8599853515625,36571800.0,3.3699951171875
2025-12-23,272.3599853515625,272.5,269.55999755859375,270.8399963378906,29642000.0,2.94000244140625
2025-12-24,273.80999755859375,275.42999267578125,272.20001220703125,272.3399963378906,17910600.0,3.22998046875
2025-12-26,273.3999938964844,275.3699951171875,272.8599853515625,274.1600036621094,21521800.0,2.510009765625
2025-12-29,273.760009765625,274.3599853515625,272.3500061035156,272.69000244140625,23715200.0,2.009979248046875
2025-12-30,273.0799865722656,274.0799865722656,272.2799987792969,272.80999755859375,22139600.0,1.79998779296875
2025-12-31,271.8599853515625,273.67999267578125,271.75,273.05999755859375,27293600.0,1.92999267578125
2026-01-02,271.010009765625,277.8399963378906,269.0,272.260009765625,37838100.0,8.839996337890625
2026-01-05,267.260009765625,271.510009765625,266.1400146484375,270.6400146484375,45647200.0,5.3699951171875
2026-01-06,262.3599853515625,267.54998779296875,262.1199951171875,267.0,52352100.0,5.42999267578125
2026-01-07,260.3299865722656,263.67999267578125,259.80999755859375,263.20001220703125,48309800.0,3.8699951171875
2026-01-08,259.0400085449219,259.2900085449219,255.6999969482422,257.0199890136719,50419300.0,3.5900115966796875
2026-01-09,259.3699951171875,260.2099914550781,256.2200012207031,259.0799865722656,39997000.0,3.989990234375
2026-01-12,260.25,261.29998779296875,256.79998779296875,259.1600036621094,45263800.0,4.5
2026-01-13,261.04998779296875,261.80999755859375,258.3900146484375,258.7200012207031,45730800.0,3.41998291015625
2026-01-14,259.9599914550781,261.82000732421875,256.7099914550781,259.489990234375,40019400.0,5.110015869140625
2026-01-15,258.2099914550781,261.0400085449219,257.04998779296875,260.6499938964844,39388600.0,3.990020751953125
2026-01-16,255.52999877929688,258.8999938964844,254.92999267578125,257.8999938964844,72142800.0,3.970001220703125
2026-01-20,246.6999969482422,254.7899932861328,243.4199981689453,252.72999572753903,80267500.0,11.3699951171875
2026-01-21,247.6499938964844,251.55999755859375,245.17999267578125,248.6999969482422,54641700.0,6.3800048828125
2026-01-22,248.3500061035156,251.0,248.1499938964844,249.1999969482422,39708300.0,2.8500061035155966
2026-01-23,248.0399932861328,249.41000366210935,244.67999267578125,247.32000732421875,41689000.0,4.730010986328097
2026-01-26,255.41000366210935,256.55999755859375,249.8000030517578,251.47999572753903,55969200.0,6.7599945068359375
2026-01-27,258.2699890136719,261.95001220703125,258.2099914550781,259.1700134277344,49648300.0,3.740020751953125
2026-01-28,256.44000244140625,258.8599853515625,254.5099945068359,257.6499938964844,41288000.0,4.349990844726591
2026-01-29,258.2799987792969,259.6499938964844,254.41000366210935,258.0,67253000.0,5.239990234375028
2026-01-30,259.4800109863281,261.8999938964844,252.17999267578125,255.1699981689453,92443400.0,9.720001220703125
2026-02-02,270.010009765625,270.489990234375,259.2099914550781,260.0299987792969,73913400.0,11.279998779296875
2026-02-03,269.4800109863281,271.8800048828125,267.6099853515625,269.20001220703125,64394700.0,4.27001953125
2026-02-04,276.489990234375,278.95001220703125,272.2900085449219,272.2900085449219,90545700.0,6.660003662109375
2026-02-05,275.9100036621094,279.5,273.2300109863281,278.1300048828125,52977400.0,6.269989013671875
2026-02-06,278.1199951171875,280.9100036621094,276.92999267578125,277.1199951171875,50420700.0,3.980010986328125
2026-02-09,274.6199951171875,278.20001220703125,271.70001220703125,277.9049987792969,44361333.0,6.5
